create database walmart;

use walmart;

-- Customers table
CREATE TABLE Customers (
    CustomerID INT PRIMARY KEY,
    FirstName VARCHAR(20),
    LastName VARCHAR(20),
    Email VARCHAR(30),
    Phone VARCHAR(12),
    Address VARCHAR(50),
    City VARCHAR(20),
    State VARCHAR(20),
    ZipCode VARCHAR(10)
);

desc customers;

INSERT INTO Customers (CustomerID, FirstName, LastName, Email, Phone, Address, City, State, ZipCode)
VALUES
(1, 'John', 'Doe', 'johndoe@example.com', '123-456-7890', '123 Main St', 'Anytown', 'CA', '12345'),
(2, 'Jane', 'Smith', 'janesmith@example.com', '987-654-3210', '456 Elm St', 'Smallville', 'NY', '54321'),
(3, 'Michael', 'Johnson', 'michaeljohnson@example.com', '555-555-5555', '789 Oak St', 'Bigtown', 'TX', '67890'),
(4, 'Emily', 'Brown', 'emilybrown@example.com', '111-222-3333', '101 Pine St', 'Middletown', 'OH', '13579'),
(5, 'David', 'Jones', 'davidjones@example.com', '999-888-7777', '246 Maple Ave', 'Largetown', 'FL', '97531'),
(6, 'Sarah', 'Williams', 'sarahwilliams@example.com', '777-888-9999', '369 Cedar St', 'Westville', 'WA', '24680'),
(7, 'James', 'Anderson', 'jamesanderson@example.com', '333-444-5555', '135 Oak St', 'Easttown', 'MA', '86420'),
(8, 'Emma', 'Martin', 'emmartin@example.com', '222-333-4444', '246 Birch St', 'Northville', 'IL', '98765'),
(9, 'William', 'Taylor', 'williamtaylor@example.com', '666-777-8888', '369 Walnut St', 'Southtown', 'PA', '35791'),
(10, 'Olivia', 'Thomas', 'oliviathomas@example.com', '444-555-6666', '789 Cherry St', 'Beachville', 'NJ', '15973'),
(11, 'Liam', 'Jackson', 'liamjackson@example.com', '123-987-6543', '101 Pine St', 'Anytown', 'CA', '12345'),
(12, 'Charlotte', 'White', 'charlottewhite@example.com', '987-654-3210', '456 Elm St', 'Smallville', 'NY', '54321'),
(13, 'Ethan', 'Harris', 'ethanharris@example.com', '555-123-4567', '789 Oak St', 'Bigtown', 'TX', '67890'),
(14, 'Ava', 'Martin', 'avamartin@example.com', '111-222-3333', '101 Pine St', 'Middletown', 'OH', '13579'),
(15, 'Mia', 'Moore', 'miamoore@example.com', '999-888-7777', '246 Maple Ave', 'Largetown', 'FL', '97531'),
(16, 'Alexander', 'Clark', 'alexanderclark@example.com', '777-888-9999', '369 Cedar St', 'Westville', 'WA', '24680'),
(17, 'Sophia', 'Lewis', 'sophialewis@example.com', '333-444-5555', '135 Oak St', 'Easttown', 'MA', '86420'),
(18, 'Logan', 'Hall', 'loganhall@example.com', '222-333-4444', '246 Birch St', 'Northville', 'IL', '98765'),
(19, 'Isabella', 'Allen', 'isabellaallen@example.com', '666-777-8888', '369 Walnut St', 'Southtown', 'PA', '35791'),
(20, 'Elijah', 'Young', 'elijahyoung@example.com', '444-555-6666', '789 Cherry St', 'Beachville', 'NJ', '15973'),
(21, 'Amelia', 'Wright', 'ameliawright@example.com', '123-987-6543', '101 Pine St', 'Anytown', 'CA', '12345'),
(22, 'Benjamin', 'King', 'benjaminking@example.com', '987-654-3210', '456 Elm St', 'Smallville', 'NY', '54321'),
(23, 'Avery', 'Lee', 'averylee@example.com', '555-123-4567', '789 Oak St', 'Bigtown', 'TX', '67890'),
(24, 'Evelyn', 'Adams', 'evelynadams@example.com', '111-222-3333', '101 Pine St', 'Middletown', 'OH', '13579'),
(25, 'Chloe', 'Hill', 'chloehill@example.com', '999-888-7777', '246 Maple Ave', 'Largetown', 'FL', '97531'),
(26, 'Carter', 'Baker', 'carterbaker@example.com', '777-888-9999', '369 Cedar St', 'Westville', 'WA', '24680'),
(27, 'Henry', 'Gonzalez', 'henrygonzalez@example.com', '333-444-5555', '135 Oak St', 'Easttown', 'MA', '86420'),
(28, 'Scarlett', 'Nelson', 'scarlettnelson@example.com', '222-333-4444', '246 Birch St', 'Northville', 'IL', '98765'),
(29, 'Lucas', 'Carter', 'lucascarter@example.com', '666-777-8888', '369 Walnut St', 'Southtown', 'PA', '35791'),
(30, 'Grace', 'Perez', 'graceperez@example.com', '444-555-6666', '789 Cherry St', 'Beachville', 'NJ', '15973'),
(31, 'Clara', 'Rivera', 'clararivera@example.com', '123-987-6543', '101 Pine St', 'Anytown', 'CA', '12345'),
(32, 'Luke', 'Flores', 'lukeflores@example.com', '987-654-3210', '456 Elm St', 'Smallville', 'NY', '54321'),
(33, 'Audrey', 'Cook', 'audreycook@example.com', '555-123-4567', '789 Oak St', 'Bigtown', 'TX', '67890'),
(34, 'Julian', 'Long', 'julianlong@example.com', '111-222-3333', '101 Pine St', 'Middletown', 'OH', '13579'),
(35, 'Aria', 'Hughes', 'ariahughes@example.com', '999-888-7777', '246 Maple Ave', 'Largetown', 'FL', '97531'),
(36, 'Leo', 'Russell', 'leorussell@example.com', '777-888-9999', '369 Cedar St', 'Westville', 'WA', '24680'),
(37, 'Nora', 'Gomez', 'noragomez@example.com', '333-444-5555', '135 Oak St', 'Easttown', 'MA', '86420'),
(38, 'Eleanor', 'Kelly', 'eleanorkelly@example.com', '222-333-4444', '246 Birch St', 'Northville', 'IL', '98765'),
(39, 'Gabriel', 'Howard', 'gabrielhoward@example.com', '666-777-8888', '369 Walnut St', 'Southtown', 'PA', '35791'),
(40, 'Hannah', 'Ward', 'hannahward@example.com', '444-555-6666', '789 Cherry St', 'Beachville', 'NJ', '15973'),
(41, 'Isaac', 'Bailey', 'isaacbailey@example.com', '123-987-6543', '101 Pine St', 'Anytown', 'CA', '12345'),
(42, 'Ellie', 'Collins', 'elliecollins@example.com', '987-654-3210', '456 Elm St', 'Smallville', 'NY', '54321'),
(43, 'Levi', 'Stewart', 'levistewart@example.com', '555-123-4567', '789 Oak St', 'Bigtown', 'TX', '67890'),
(44, 'Elizabeth', 'Turner', 'elizabethturner@example.com', '111-222-3333', '101 Pine St', 'Middletown', 'OH', '13579'),
(45, 'Dylan', 'Ward', 'dylanward@example.com', '999-888-7777', '246 Maple Ave', 'Largetown', 'FL', '97531'),
(46, 'Layla', 'Parker', 'laylaparker@example.com', '777-888-9999', '369 Cedar St', 'Westville', 'WA', '24680'),
(47, 'Victoria', 'Reed', 'victoriareed@example.com', '333-444-5555', '135 Oak St', 'Easttown', 'MA', '86420'),
(48, 'Sebastian', 'Cook', 'sebastiancook@example.com', '222-333-4444', '246 Birch St', 'Northville', 'IL', '98765'),
(49, 'Zoe', 'Morris', 'zoemorris@example.com', '666-777-8888', '369 Walnut St', 'Southtown', 'PA', '35791'),
(50, 'Nathan', 'Sullivan', 'nathansullivan@example.com', '444-555-6666', '789 Cherry St', 'Beachville', 'NJ', '15973'),
(51, 'Riley', 'Ross', 'rileyross@example.com', '123-987-6543', '101 Pine St', 'Anytown', 'CA', '12345'),
(52, 'Aurora', 'Griffin', 'auroragriffin@example.com', '987-654-3210', '456 Elm St', 'Smallville', 'NY', '54321'),
(53, 'Connor', 'Hayes', 'connorhayes@example.com', '555-123-4567', '789 Oak St', 'Bigtown', 'TX', '67890'),
(54, 'Caroline', 'Murphy', 'carolinemurphy@example.com', '111-222-3333', '101 Pine St', 'Middletown', 'OH', '13579'),
(55, 'Adam', 'Rogers', 'adamrogers@example.com', '999-888-7777', '246 Maple Ave', 'Largetown', 'FL', '97531'),
(56, 'Hazel', 'Perry', 'hazelperry@example.com', '777-888-9999', '369 Cedar St', 'Westville', 'WA', '24680'),
(57, 'Alexis', 'Cox', 'alexiscox@example.com', '333-444-5555', '135 Oak St', 'Easttown', 'MA', '86420'),
(58, 'Tristan', 'Henderson', 'tristanhenderson@example.com', '222-333-4444', '246 Birch St', 'Northville', 'IL', '98765'),
(59, 'Bella', 'Kim', 'bellakim@example.com', '666-777-8888', '369 Walnut St', 'Southtown', 'PA', '35791'),
(60, 'Tyler', 'Washington', 'tylerwashington@example.com', '444-555-6666', '789 Cherry St', 'Beachville', 'NJ', '15973'),
(61, 'Zoey', 'Simmons', 'zoeysimmons@example.com', '123-987-6543', '101 Pine St', 'Anytown', 'CA', '12345'),
(62, 'Lincoln', 'Bryant', 'lincolnbryant@example.com', '987-654-3210', '456 Elm St', 'Smallville', 'NY', '54321'),
(63, 'Lily', 'Flores', 'lilyflores@example.com', '555-123-4567', '789 Oak St', 'Bigtown', 'TX', '67890'),
(64, 'Nicholas', 'Murphy', 'nicholasmurphy@example.com', '111-222-3333', '101 Pine St', 'Middletown', 'OH', '13579'),
(65, 'Eli', 'Reyes', 'elireyes@example.com', '999-888-7777', '246 Maple Ave', 'Largetown', 'FL', '97531'),
(66, 'Natalie', 'Scott', 'nataliescott@example.com', '777-888-9999', '369 Cedar St', 'Westville', 'WA', '24680'),
(67, 'Maya', 'Green', 'mayagreen@example.com', '333-444-5555', '135 Oak St', 'Easttown', 'MA', '86420'),
(68, 'Jeremiah', 'Barnes', 'jeremiahbarnes@example.com', '222-333-4444', '246 Birch St', 'Northville', 'IL', '98765'),
(69, 'Aaron', 'Ross', 'aaronross@example.com', '666-777-8888', '369 Walnut St', 'Southtown', 'PA', '35791'),
(70, 'Vivian', 'Phillips', 'vivianphillips@example.com', '444-555-6666', '789 Cherry St', 'Beachville', 'NJ', '15973'),
(71, 'Lucy', 'Evans', 'lucyevans@example.com', '123-987-6543', '101 Pine St', 'Anytown', 'CA', '12345'),
(72, 'Nolan', 'Gray', 'nolangray@example.com', '987-654-3210', '456 Elm St', 'Smallville', 'NY', '54321'),
(73, 'Asher', 'Bell', 'asherbell@example.com', '555-123-4567', '789 Oak St', 'Bigtown', 'TX', '67890'),
(74, 'Leah', 'Watson', 'leahwatson@example.com', '111-222-3333', '101 Pine St', 'Middletown', 'OH', '13579'),
(75, 'Stella', 'Diaz', 'stelladiaz@example.com', '999-888-7777', '246 Maple Ave', 'Largetown', 'FL', '97531'),
(76, 'Jackson', 'Harrison', 'jacksonharrison@example.com', '777-888-9999', '369 Cedar St', 'Westville', 'WA', '24680'),
(77, 'Piper', 'Stanley', 'piperstanley@example.com', '333-444-5555', '135 Oak St', 'Easttown', 'MA', '86420'),
(78, 'Eliana', 'Cruz', 'elianacruz@example.com', '222-333-4444', '246 Birch St', 'Northville', 'IL', '98765'),
(79, 'Evan', 'Henderson', 'evanhenderson@example.com', '666-777-8888', '369 Walnut St', 'Southtown', 'PA', '35791'),
(80, 'Isaiah', 'Pierce', 'isaiahpierce@example.com', '444-555-6666', '789 Cherry St', 'Beachville', 'NJ', '15973'),
(81, 'Kylie', 'Gomez', 'kyliegomez@example.com', '123-987-6543', '101 Pine St', 'Anytown', 'CA', '12345'),
(82, 'Emery', 'Kennedy', 'emerykennedy@example.com', '987-654-3210', '456 Elm St', 'Smallville', 'NY', '54321'),
(83, 'Xavier', 'Mills', 'xaviermills@example.com', '555-123-4567', '789 Oak St', 'Bigtown', 'TX', '67890'),
(84, 'Paisley', 'Welch', 'paisleywelch@example.com', '111-222-3333', '101 Pine St', 'Middletown', 'OH', '13579'),
(85, 'Levi', 'Fisher', 'levifisher@example.com', '999-888-7777', '246 Maple Ave', 'Largetown', 'FL', '97531'),
(86, 'Delilah', 'Gordon', 'delilahgordon@example.com', '777-888-9999', '369 Cedar St', 'Westville', 'WA', '24680'),
(87, 'Ezra', 'Hansen', 'ezrahansen@example.com', '333-444-5555', '135 Oak St', 'Easttown', 'MA', '86420'),
(88, 'Willow', 'Walters', 'willowwalters@example.com', '222-333-4444', '246 Birch St', 'Northville', 'IL', '98765'),
(89, 'Kaylee', 'Weaver', 'kayleeweaver@example.com', '666-777-8888', '369 Walnut St', 'Southtown', 'PA', '35791'),
(90, 'Landon', 'Garcia', 'landongarcia@example.com', '444-555-6666', '789 Cherry St', 'Beachville', 'NJ', '15973'),
(91, 'Brayden', 'Mendoza', 'braydenmendoza@example.com', '123-987-6543', '101 Pine St', 'Anytown', 'CA', '12345'),
(92, 'Gracie', 'Ramirez', 'gracieramirez@example.com', '987-654-3210', '456 Elm St', 'Smallville', 'NY', '54321'),
(93, 'Andrea', 'Flores', 'andreaflores@example.com', '555-123-4567', '789 Oak St', 'Bigtown', 'TX', '67890'),
(94, 'Max', 'Brooks', 'maxbrooks@example.com', '111-222-3333', '101 Pine St', 'Middletown', 'OH', '13579'),
(95, 'Gavin', 'Washington', 'gavinwashington@example.com', '999-888-7777', '246 Maple Ave', 'Largetown', 'FL', '97531'),
(96, 'Ruby', 'Ortiz', 'rubyortiz@example.com', '777-888-9999', '369 Cedar St', 'Westville', 'WA', '24680'),
(97, 'Aaliyah', 'Morgan', 'aaliyahmorgan@example.com', '333-444-5555', '135 Oak St', 'Easttown', 'MA', '86420'),
(98, 'Braxton', 'Newton', 'braxtonnewton@example.com', '222-333-4444', '246 Birch St', 'Northville', 'IL', '98765'),
(99, 'Adeline', 'Garza', 'adelinegarza@example.com', '666-777-8888', '369 Walnut St', 'Southtown', 'PA', '35791'),
(100, 'Kai', 'West', 'kaiwest@example.com', '444-555-6666', '789 Cherry St', 'Beachville', 'NJ', '15973');

select * from customers;

-- Products table
CREATE TABLE Products (
    ProductID INT PRIMARY KEY,
    ProductName VARCHAR(20),
    Category VARCHAR(20),
    Price DECIMAL(10, 2)
);

desc products;

INSERT INTO Products (ProductID, ProductName, Category, Price) VALUES
(1, 'Smartphone', 'Electronics', 15000),
(2, 'Television', 'Electronics', 25000),
(3, 'Refrigerator', 'Appliances', 30000),
(4, 'Washing Machine', 'Appliances', 20000),
(5, 'Laptop', 'Electronics', 40000),
(6, 'Clothing', 'Apparel', 1000),
(7, 'Shoes', 'Apparel', 1500),
(8, 'Groceries', 'Food', 500),
(9, 'Home Decor', 'Home', 2000),
(10, 'Toys', 'Kids', 800),
(11, 'Earphones', 'Electronics', 500),
(12, 'Tablet', 'Electronics', 12000),
(13, 'Air Conditioner', 'Appliances', 35000),
(14, 'Vacuum Cleaner', 'Appliances', 8000),
(15, 'Desktop Computer', 'Electronics', 45000),
(16, 'T-Shirt', 'Apparel', 300),
(17, 'Jeans', 'Apparel', 1200),
(18, 'Fruits', 'Food', 100),
(19, 'Vegetables', 'Food', 80),
(20, 'Bedding', 'Home', 2500),
(21, 'Lamps', 'Home', 1500),
(22, 'Board Games', 'Kids', 600),
(23, 'Books', 'Kids', 400),
(24, 'Sports Equipment', 'Kids', 2000),
(25, 'Makeup', 'Beauty', 2000),
(26, 'Perfume', 'Beauty', 1500),
(27, 'Power Bank', 'Electronics', 800),
(28, 'Camera', 'Electronics', 35000),
(29, 'Printer', 'Electronics', 10000),
(30, 'Chair', 'Furniture', 3000),
(31, 'Table', 'Furniture', 5000),
(32, 'Paintings', 'Decor', 4000),
(33, 'Mirrors', 'Decor', 2000),
(34, 'Tools', 'Hardware', 1500),
(35, 'Gardening Supplies', 'Outdoors', 1000),
(36, 'Swimwear', 'Apparel', 800),
(37, 'Handbags', 'Apparel', 2000),
(38, 'Stationery', 'Office', 300),
(39, 'Candles', 'Home', 400),
(40, 'Dinnerware', 'Home', 1000),
(41, 'Headphones', 'Electronics', 2000),
(42, 'Sofa', 'Furniture', 25000),
(43, 'Desk', 'Furniture', 15000),
(44, 'Plants', 'Decor', 500),
(45, 'Clocks', 'Decor', 1000),
(46, 'Drinks', 'Beverages', 150),
(47, 'Snacks', 'Food', 50),
(48, 'Sunglasses', 'Accessories', 1000),
(49, 'Wallets', 'Accessories', 800),
(50, 'Exercise Equipment', 'Fitness', 5000);

Select * from products;

-- Stores table
CREATE TABLE Stores (
    StoreID INT PRIMARY KEY,
    StoreName VARCHAR(100),
    Address VARCHAR(100),
    City VARCHAR(50),
    State VARCHAR(50),
    ZipCode VARCHAR(10)
);

desc stores;

INSERT INTO Stores (StoreID, StoreName, Address, City, State, ZipCode) VALUES
(1, 'Walmart Supercenter', '123 Main St', 'Anytown', 'CA', '12345'),
(2, 'Walmart Neighborhood Market', '456 Elm St', 'Smallville', 'NY', '54321'),
(3, 'Walmart Supercenter', '789 Oak St', 'Rural Town', 'TX', '67890'),
(4, 'Walmart Supercenter', '101 Pine St', 'Big City', 'FL', '98765'),
(5, 'Walmart Supercenter', '202 Maple St', 'Little Village', 'OH', '54321'),
(6, 'Walmart Supercenter', '303 Cedar St', 'Uptown', 'WA', '13579'),
(7, 'Walmart Supercenter', '404 Birch St', 'Downtown', 'IL', '24680'),
(8, 'Walmart Supercenter', '505 Walnut St', 'West End', 'MA', '86420'),
(9, 'Walmart Supercenter', '606 Pineapple St', 'East Side', 'CO', '97531'),
(10, 'Walmart Supercenter', '707 Orange St', 'Northside', 'GA', '31415'),
(11, 'Walmart Supercenter', '808 Peach St', 'Southtown', 'MI', '27182'),
(12, 'Walmart Supercenter', '909 Lemon St', 'Central City', 'PA', '12345'),
(13, 'Walmart Supercenter', '101 Cherry St', 'Beachside', 'NC', '54321'),
(14, 'Walmart Supercenter', '202 Grape St', 'Metro City', 'SC', '67890'),
(15, 'Walmart Supercenter', '303 Banana St', 'Suburbia', 'LA', '98765'),
(16, 'Walmart Supercenter', '404 Avocado St', 'City Center', 'TX', '54321'),
(17, 'Walmart Supercenter', '505 Watermelon St', 'Outskirts', 'NY', '13579'),
(18, 'Walmart Supercenter', '606 Papaya St', 'Farmland', 'CA', '24680'),
(19, 'Walmart Supercenter', '707 Kiwi St', 'Countryside', 'FL', '97531'),
(20, 'Walmart Supercenter', '808 Pineapple St', 'Shoreline', 'WA', '31415'),
(21, 'Walmart Supercenter', '909 Mango St', 'Hometown', 'IL', '27182'),
(22, 'Walmart Supercenter', '101 Lemon St', 'Speedway', 'MA', '12345'),
(23, 'Walmart Supercenter', '202 Orange St', 'Farmtown', 'CO', '54321'),
(24, 'Walmart Supercenter', '303 Apple St', 'Cityville', 'GA', '67890'),
(25, 'Walmart Supercenter', '404 Pear St', 'Valley City', 'MI', '98765'),
(26, 'Walmart Supercenter', '505 Blueberry St', 'Harborside', 'PA', '13579'),
(27, 'Walmart Supercenter', '606 Strawberry St', 'Mountaintop', 'NC', '24680'),
(28, 'Walmart Supercenter', '707 Raspberry St', 'Lakeside', 'SC', '97531'),
(29, 'Walmart Supercenter', '808 Blackberry St', 'Prairieland', 'LA', '31415'),
(30, 'Walmart Supercenter', '909 Cranberry St', 'Bayview', 'CA', '27182'),
(31, 'Walmart Supercenter', '101 Grapefruit St', 'Island City', 'TX', '12345'),
(32, 'Walmart Supercenter', '202 Lime St', 'Pacific Coast', 'NY', '54321'),
(33, 'Walmart Supercenter', '303 Tangerine St', 'Golden Gate', 'WA', '67890'),
(34, 'Walmart Supercenter', '404 Guava St', 'Sunnyvale', 'IL', '98765'),
(35, 'Walmart Supercenter', '505 Persimmon St', 'Riverfront', 'MA', '13579'),
(36, 'Walmart Supercenter', '606 Fig St', 'Meadowland', 'CO', '24680'),
(37, 'Walmart Supercenter', '707 Plum St', 'Fruitville', 'FL', '97531'),
(38, 'Walmart Supercenter', '808 Pomegranate St', 'Apple Valley', 'GA', '31415'),
(39, 'Walmart Supercenter', '909 Mango St', 'Hometown', 'MI', '27182'),
(40, 'Walmart Supercenter', '101 Lemon St', 'Speedway', 'PA', '12345'),
(41, 'Walmart Supercenter', '202 Orange St', 'Farmtown', 'NC', '54321'),
(42, 'Walmart Supercenter', '303 Apple St', 'Cityville', 'SC', '67890'),
(43, 'Walmart Supercenter', '404 Pear St', 'Valley City', 'LA', '98765'),
(44, 'Walmart Supercenter', '505 Blueberry St', 'Harborside', 'TX', '54321'),
(45, 'Walmart Supercenter', '606 Strawberry St', 'Mountaintop', 'NY', '13579'),
(46, 'Walmart Supercenter', '707 Raspberry St', 'Lakeside', 'WA', '31415'),
(47, 'Walmart Supercenter', '808 Blackberry St', 'Prairieland', 'IL', '27182'),
(48, 'Walmart Supercenter', '909 Cranberry St', 'Bayview', 'MA', '12345'),
(49, 'Walmart Supercenter', '101 Grapefruit St', 'Island City', 'CO', '54321'),
(50, 'Walmart Supercenter', '202 Lime St', 'Pacific Coast', 'FL', '97531');


select * from stores;

-- Transactions table
CREATE TABLE Transactions (
    TransactionID INT PRIMARY KEY,
    CustomerID INT,
    StoreID INT,
    TransactionDate DATE,
    TotalAmount DECIMAL(10, 2),
    FOREIGN KEY (CustomerID) REFERENCES Customers(CustomerID),
    FOREIGN KEY (StoreID) REFERENCES Stores(StoreID)
);

desc transactions;

INSERT INTO Transactions (TransactionID, CustomerID, StoreID, TransactionDate, TotalAmount) VALUES
(1, 101, 1, '01-01-2024', 50),
(2, 102, 3, '02-01-2024', 75.5),
(3, 103, 5, '03-01-2024', 120.25),
(4, 104, 7, '04-01-2024', 30.75),
(5, 105, 9, '05-01-2024', 90),
(6, 106, 11, '06-01-2024', 105.8),
(7, 107, 13, '07-01-2024', 200),
(8, 108, 15, '08-01-2024', 75.3),
(9, 109, 17, '09-01-2024', 40.5),
(10, 110, 19, '10-01-2024', 60.75),
(11, 111, 21, '11-01-2024', 85.2),
(12, 112, 23, '12-01-2024', 150),
(13, 113, 25, '13-01-2024', 70.25),
(14, 114, 27, '14-01-2024', 45.8),
(15, 115, 29, '15-01-2024', 180),
(16, 116, 31, '16-01-2024', 25.75),
(17, 117, 33, '17-01-2024', 100.5),
(18, 118, 35, '18-01-2024', 80.25),
(19, 119, 37, '19-01-2024', 55.6),
(20, 120, 39, '20-01-2024', 120),
(21, 121, 41, '21-01-2024', 95.25),
(22, 122, 43, '22-01-2024', 65.8),
(23, 123, 45, '23-01-2024', 210),
(24, 124, 47, '24-01-2024', 35.25),
(25, 125, 49, '25-01-2024', 50.8),
(26, 126, 2, '26-01-2024', 95),
(27, 127, 4, '27-01-2024', 65.75),
(28, 128, 6, '28-01-2024', 80.2),
(29, 129, 8, '29-01-2024', 45),
(30, 130, 10, '30-01-2024', 110.25),
(31, 131, 12, '31-01-2024', 75.8),
(32, 132, 14, '01-02-2024', 180),
(33, 133, 16, '02-02-2024', 30.75),
(34, 134, 18, '03-02-2024', 90.5),
(35, 135, 20, '04-02-2024', 65.25),
(36, 136, 22, '05-02-2024', 40),
(37, 137, 24, '06-02-2024', 85.2),
(38, 138, 26, '07-02-2024', 120),
(39, 139, 28, '08-02-2024', 75.25),
(40, 140, 30, '09-02-2024', 55.8),
(41, 141, 32, '10-02-2024', 150),
(42, 142, 34, '11-02-2024', 25.75),
(43, 143, 36, '12-02-2024', 110.5),
(44, 144, 38, '13-02-2024', 80.25),
(45, 145, 40, '14-02-2024', 45.6),
(46, 146, 42, '15-02-2024', 90),
(47, 147, 44, '16-02-2024', 95.25),
(48, 148, 46, '17-02-2024', 65.8),
(49, 149, 48, '18-02-2024', 210),
(50, 150, 50, '19-02-2024', 35.25),
(51, 101, 1, '20-02-2024', 50.8),
(52, 102, 3, '21-02-2024', 95),
(53, 103, 5, '22-02-2024', 65.75),
(54, 104, 7, '23-02-2024', 80.2),
(55, 105, 9, '24-02-2024', 45),
(56, 106, 11, '25-02-2024', 110.25),
(57, 107, 13, '26-02-2024', 75.8),
(58, 108, 15, '27-02-2024', 180),
(59, 109, 17, '28-02-2024', 30.75),
(60, 110, 19, '29-02-2024', 90.5),
(61, 111, 21, '01-03-2024', 65.25),
(62, 112, 23, '02-03-2024', 40),
(63, 113, 25, '03-03-2024', 85.2),
(64, 114, 27, '04-03-2024', 120),
(65, 115, 29, '05-03-2024', 75.25),
(66, 116, 31, '06-03-2024', 55.8),
(67, 117, 33, '07-03-2024', 150),
(68, 118, 35, '08-03-2024', 25.75),
(69, 119, 37, '09-03-2024', 110.5),
(70, 120, 39, '10-03-2024', 80.25);

select * from transactions;

